id,title,description,link,image_link,price,availability,condition,google_product_category,brand
MCM-1101,Wharton MCM Soft Ceramic - India Thin Slabs,"Premium flexible MCM soft ceramic wall cladding for exterior facade and interior feature walls featuring India Thin Slabs texture. Eco-friendly, breathable, and authentic stone texture. Perfect for modern architecture and luxury curved walls. #softceramic #wallcladding #MCMstone #interiordesign",https://www.whartonstone.com/,https://www.whartonstone.com/images/mcm1101.jpg,45.00 USD,in stock,new,559,Wharton
MCM-1102,Wharton MCM Soft Ceramic - Star-Moon Stone Fabric,"Premium flexible MCM soft ceramic wall cladding for exterior facade and interior feature walls featuring Star-Moon Stone Fabric texture. Eco-friendly, breathable, and authentic stone texture. Perfect for modern architecture and luxury curved walls. #softceramic #wallcladding #MCMstone #interiordesign",https://www.whartonstone.com/,https://www.whartonstone.com/images/mcm1102.jpg,45.00 USD,in stock,new,559,Wharton
MCM-1103,Wharton MCM Soft Ceramic - Classic Travertine,"Premium flexible MCM soft ceramic wall cladding for exterior facade and interior feature walls featuring Classic Travertine texture. Eco-friendly, breathable, and authentic stone texture. Perfect for modern architecture and luxury curved walls. #softceramic #wallcladding #MCMstone #interiordesign",https://www.whartonstone.com/,https://www.whartonstone.com/images/mcm1103.jpg,45.00 USD,in stock,new,559,Wharton
MCM-1104,Wharton MCM Soft Ceramic - Star-Moon Travertine,"Premium flexible MCM soft ceramic wall cladding for exterior facade and interior feature walls featuring Star-Moon Travertine texture. Eco-friendly, breathable, and authentic stone texture. Perfect for modern architecture and luxury curved walls. #softceramic #wallcladding #MCMstone #interiordesign",https://www.whartonstone.com/,https://www.whartonstone.com/images/mcm1104.jpg,45.00 USD,in stock,new,559,Wharton
MCM-1105,Wharton MCM Soft Ceramic - Star-Moon Stone,"Premium flexible MCM soft ceramic wall cladding for exterior facade and interior feature walls featuring Star-Moon Stone texture. Eco-friendly, breathable, and authentic stone texture. Perfect for modern architecture and luxury curved walls. #softceramic #wallcladding #MCMstone #interiordesign",https://www.whartonstone.com/,https://www.whartonstone.com/images/mcm1105.jpg,45.00 USD,in stock,new,559,Wharton
MCM-1106,Wharton MCM Soft Ceramic - Fine Line Travertine,"Premium flexible MCM soft ceramic wall cladding for exterior facade and interior feature walls featuring Fine Line Travertine texture. Eco-friendly, breathable, and authentic stone texture. Perfect for modern architecture and luxury curved walls. #softceramic #wallcladding #MCMstone #interiordesign",https://www.whartonstone.com/,https://www.whartonstone.com/images/mcm1106.jpg,45.00 USD,in stock,new,559,Wharton
MCM-1107,Wharton MCM Soft Ceramic - Fine Line Stone,"Premium flexible MCM soft ceramic wall cladding for exterior facade and interior feature walls featuring Fine Line Stone texture. Eco-friendly, breathable, and authentic stone texture. Perfect for modern architecture and luxury curved walls. #softceramic #wallcladding #MCMstone #interiordesign",https://www.whartonstone.com/,https://www.whartonstone.com/images/mcm1107.jpg,45.00 USD,in stock,new,559,Wharton
MCM-1108,Wharton MCM Soft Ceramic - Coarse Line Travertine,"Premium flexible MCM soft ceramic wall cladding for exterior facade and interior feature walls featuring Coarse Line Travertine texture. Eco-friendly, breathable, and authentic stone texture. Perfect for modern architecture and luxury curved walls. #softceramic #wallcladding #MCMstone #interiordesign",https://www.whartonstone.com/,https://www.whartonstone.com/images/mcm1108.jpg,45.00 USD,in stock,new,559,Wharton
MCM-1109,Wharton MCM Soft Ceramic - Sandstone,"Premium flexible MCM soft ceramic wall cladding for exterior facade and interior feature walls featuring Sandstone texture. Eco-friendly, breathable, and authentic stone texture. Perfect for modern architecture and luxury curved walls. #softceramic #wallcladding #MCMstone #interiordesign",https://www.whartonstone.com/,https://www.whartonstone.com/images/mcm1109.jpg,45.00 USD,in stock,new,559,Wharton
MCM-1110,Wharton MCM Soft Ceramic - Natural Rock,"Premium flexible MCM soft ceramic wall cladding for exterior facade and interior feature walls featuring Natural Rock texture. Eco-friendly, breathable, and authentic stone texture. Perfect for modern architecture and luxury curved walls. #softceramic #wallcladding #MCMstone #interiordesign",https://www.whartonstone.com/,https://www.whartonstone.com/images/mcm1110.jpg,45.00 USD,in stock,new,559,Wharton
MCM-1111,Wharton MCM Soft Ceramic - Rough Granite,"Premium flexible MCM soft ceramic wall cladding for exterior facade and interior feature walls featuring Rough Granite texture. Eco-friendly, breathable, and authentic stone texture. Perfect for modern architecture and luxury curved walls. #softceramic #wallcladding #MCMstone #interiordesign",https://www.whartonstone.com/,https://www.whartonstone.com/images/mcm1111.jpg,45.00 USD,in stock,new,559,Wharton
MCM-1112,Wharton MCM Soft Ceramic - Mountain Rock,"Premium flexible MCM soft ceramic wall cladding for exterior facade and interior feature walls featuring Mountain Rock texture. Eco-friendly, breathable, and authentic stone texture. Perfect for modern architecture and luxury curved walls. #softceramic #wallcladding #MCMstone #interiordesign",https://www.whartonstone.com/,https://www.whartonstone.com/images/mcm1112.jpg,45.00 USD,in stock,new,559,Wharton
MCM-1113,Wharton MCM Soft Ceramic - Split Slate,"Premium flexible MCM soft ceramic wall cladding for exterior facade and interior feature walls featuring Split Slate texture. Eco-friendly, breathable, and authentic stone texture. Perfect for modern architecture and luxury curved walls. #softceramic #wallcladding #MCMstone #interiordesign",https://www.whartonstone.com/,https://www.whartonstone.com/images/mcm1113.jpg,45.00 USD,in stock,new,559,Wharton
MCM-1114,Wharton MCM Soft Ceramic - Ancient Wood,"Premium flexible MCM soft ceramic wall cladding for exterior facade and interior feature walls featuring Ancient Wood texture. Eco-friendly, breathable, and authentic stone texture. Perfect for modern architecture and luxury curved walls. #softceramic #wallcladding #MCMstone #interiordesign",https://www.whartonstone.com/,https://www.whartonstone.com/images/mcm1114.jpg,45.00 USD,in stock,new,559,Wharton
MCM-1115,Wharton MCM Soft Ceramic - Sawn Wood,"Premium flexible MCM soft ceramic wall cladding for exterior facade and interior feature walls featuring Sawn Wood texture. Eco-friendly, breathable, and authentic stone texture. Perfect for modern architecture and luxury curved walls. #softceramic #wallcladding #MCMstone #interiordesign",https://www.whartonstone.com/,https://www.whartonstone.com/images/mcm1115.jpg,45.00 USD,in stock,new,559,Wharton
MCM-1116,Wharton MCM Soft Ceramic - Moon Peak,"Premium flexible MCM soft ceramic wall cladding for exterior facade and interior feature walls featuring Moon Peak texture. Eco-friendly, breathable, and authentic stone texture. Perfect for modern architecture and luxury curved walls. #softceramic #wallcladding #MCMstone #interiordesign",https://www.whartonstone.com/,https://www.whartonstone.com/images/mcm1116.jpg,45.00 USD,in stock,new,559,Wharton
MCM-1118,Wharton MCM Soft Ceramic - Wave Panel,"Premium flexible MCM soft ceramic wall cladding for exterior facade and interior feature walls featuring Wave Panel texture. Eco-friendly, breathable, and authentic stone texture. Perfect for modern architecture and luxury curved walls. #softceramic #wallcladding #MCMstone #interiordesign",https://www.whartonstone.com/,https://www.whartonstone.com/images/mcm1118.jpg,45.00 USD,in stock,new,559,Wharton
MCM-1119,Wharton MCM Soft Ceramic - Hammered Stone,"Premium flexible MCM soft ceramic wall cladding for exterior facade and interior feature walls featuring Hammered Stone texture. Eco-friendly, breathable, and authentic stone texture. Perfect for modern architecture and luxury curved walls. #softceramic #wallcladding #MCMstone #interiordesign",https://www.whartonstone.com/,https://www.whartonstone.com/images/mcm1119.jpg,45.00 USD,in stock,new,559,Wharton
MCM-1120,Wharton MCM Soft Ceramic - Art Texture,"Premium flexible MCM soft ceramic wall cladding for exterior facade and interior feature walls featuring Art Texture texture. Eco-friendly, breathable, and authentic stone texture. Perfect for modern architecture and luxury curved walls. #softceramic #wallcladding #MCMstone #interiordesign",https://www.whartonstone.com/,https://www.whartonstone.com/images/mcm1120.jpg,45.00 USD,in stock,new,559,Wharton
MCM-1121,Wharton MCM Soft Ceramic - Metallic Finish,"Premium flexible MCM soft ceramic wall cladding for exterior facade and interior feature walls featuring Metallic Finish texture. Eco-friendly, breathable, and authentic stone texture. Perfect for modern architecture and luxury curved walls. #softceramic #wallcladding #MCMstone #interiordesign",https://www.whartonstone.com/,https://www.whartonstone.com/images/mcm1121.jpg,45.00 USD,in stock,new,559,Wharton
MCM-1122,Wharton MCM Soft Ceramic - Rusty Iron,"Premium flexible MCM soft ceramic wall cladding for exterior facade and interior feature walls featuring Rusty Iron texture. Eco-friendly, breathable, and authentic stone texture. Perfect for modern architecture and luxury curved walls. #softceramic #wallcladding #MCMstone #interiordesign",https://www.whartonstone.com/,https://www.whartonstone.com/images/mcm1122.jpg,45.00 USD,in stock,new,559,Wharton
MCM-1123,Wharton MCM Soft Ceramic - Industrial Cement,"Premium flexible MCM soft ceramic wall cladding for exterior facade and interior feature walls featuring Industrial Cement texture. Eco-friendly, breathable, and authentic stone texture. Perfect for modern architecture and luxury curved walls. #softceramic #wallcladding #MCMstone #interiordesign",https://www.whartonbuilding.com/,https://www.whartonstone.com/images/mcm1123.jpg,45.00 USD,in stock,new,559,Wharton
MCM-1124,Wharton MCM Soft Ceramic - Exposed Concrete,"Premium flexible MCM soft ceramic wall cladding for exterior facade and interior feature walls featuring Exposed Concrete texture. Eco-friendly, breathable, and authentic stone texture. Perfect for modern architecture and luxury curved walls. #softceramic #wallcladding #MCMstone #interiordesign",https://www.whartonstone.com/,https://www.whartonstone.com/images/mcm1124.jpg,45.00 USD,in stock,new,559,Wharton
MCM-1125,Wharton MCM Soft Ceramic - Three-tenths wood,"Premium flexible MCM soft ceramic wall cladding for exterior facade and interior feature walls featuring Three-tenths wood texture. Eco-friendly, breathable, and authentic stone texture. Perfect for modern architecture and luxury curved walls. #softceramic #wallcladding #MCMstone #interiordesign",https://www.whartonstone.com/,https://www.whartonstone.com/images/mcm1125.jpg,45.00 USD,in stock,new,559,Wharton
MCM-1126,Wharton MCM Soft Ceramic - Cement Board,"Premium flexible MCM soft ceramic wall cladding for exterior facade and interior feature walls featuring Cement Board texture. Eco-friendly, breathable, and authentic stone texture. Perfect for modern architecture and luxury curved walls. #softceramic #wallcladding #MCMstone #interiordesign",https://www.whartonstone.com/,https://www.whartonstone.com/images/mcm1126.jpg,45.00 USD,in stock,new,559,Wharton
MCM-1127,Wharton MCM Soft Ceramic - Wood pouring slab,"Premium flexible MCM soft ceramic wall cladding for exterior facade and interior feature walls featuring Wood pouring slab texture. Eco-friendly, breathable, and authentic stone texture. Perfect for modern architecture and luxury curved walls. #softceramic #wallcladding #MCMstone #interiordesign",https://www.whartonstone.com/,https://www.whartonstone.com/images/mcm1127.jpg,45.00 USD,in stock,new,559,Wharton
MCM-1128,Wharton MCM Soft Ceramic - Cement pouring slab,"Premium flexible MCM soft ceramic wall cladding for exterior facade and interior feature walls featuring Cement pouring slab texture. Eco-friendly, breathable, and authentic stone texture. Perfect for modern architecture and luxury curved walls. #softceramic #wallcladding #MCMstone #interiordesign",https://www.whartonstone.com/,https://www.whartonstone.com/images/mcm1128.jpg,45.00 USD,in stock,new,559,Wharton
MCM-1129,Wharton MCM Soft Ceramic - Clear Water Plate,"Premium flexible MCM soft ceramic wall cladding for exterior facade and interior feature walls featuring Clear Water Plate texture. Eco-friendly, breathable, and authentic stone texture. Perfect for modern architecture and luxury curved walls. #softceramic #wallcladding #MCMstone #interiordesign",https://www.whartonstone.com/,https://www.whartonstone.com/images/mcm1129.jpg,45.00 USD,in stock,new,559,Wharton
MCM-1130,Wharton MCM Soft Ceramic - Bamboo Pattern,"Premium flexible MCM soft ceramic wall cladding for exterior facade and interior feature walls featuring Bamboo Pattern texture. Eco-friendly, breathable, and authentic stone texture. Perfect for modern architecture and luxury curved walls. #softceramic #wallcladding #MCMstone #interiordesign",https://www.whartonstone.com/,https://www.whartonstone.com/images/mcm1130.jpg,45.00 USD,in stock,new,559,Wharton
MCM-1131,Wharton MCM Soft Ceramic - Flowing water stone,"Premium flexible MCM soft ceramic wall cladding for exterior facade and interior feature walls featuring Flowing water stone texture. Eco-friendly, breathable, and authentic stone texture. Perfect for modern architecture and luxury curved walls. #softceramic #wallcladding #MCMstone #interiordesign",https://www.whartonstone.com/,https://www.whartonstone.com/images/mcm1131.jpg,45.00 USD,in stock,new,559,Wharton
MCM-1132,Wharton MCM Soft Ceramic - Clay Brick Wall,"Premium flexible MCM soft ceramic wall cladding for exterior facade and interior feature walls featuring Clay Brick Wall texture. Eco-friendly, breathable, and authentic stone texture. Perfect for modern architecture and luxury curved walls. #softceramic #wallcladding #MCMstone #interiordesign",https://www.whartonstone.com/,https://www.whartonstone.com/images/mcm1132.jpg,45.00 USD,in stock,new,559,Wharton
MCM-1134,Wharton MCM Soft Ceramic - Banana leaf,"Premium flexible MCM soft ceramic wall cladding for exterior facade and interior feature walls featuring Banana leaf texture. Eco-friendly, breathable, and authentic stone texture. Perfect for modern architecture and luxury curved walls. #softceramic #wallcladding #MCMstone #interiordesign",https://www.whartonstone.com/,https://www.whartonstone.com/images/mcm1134.jpg,45.00 USD,in stock,new,559,Wharton
MCM-1135,Wharton MCM Soft Ceramic - Tree Bark Bamboo Weave,"Premium flexible MCM soft ceramic wall cladding for exterior facade and interior feature walls featuring Tree Bark Bamboo Weave texture. Eco-friendly, breathable, and authentic stone texture. Perfect for modern architecture and luxury curved walls. #softceramic #wallcladding #MCMstone #interiordesign",https://www.whartonstone.com/,https://www.whartonstone.com/images/mcm1135.jpg,45.00 USD,in stock,new,559,Wharton
MCM-1136,Wharton MCM Soft Ceramic - HQ Printed Travertine,"Premium flexible MCM soft ceramic wall cladding for exterior facade and interior feature walls featuring HQ Printed Travertine texture. Eco-friendly, breathable, and authentic stone texture. Perfect for modern architecture and luxury curved walls. #softceramic #wallcladding #MCMstone #interiordesign",https://www.whartonstone.com/,https://www.whartonstone.com/images/mcm1136.jpg,45.00 USD,in stock,new,559,Wharton
MCM-1137,Wharton MCM Soft Ceramic - Printed Flat Mold,"Premium flexible MCM soft ceramic wall cladding for exterior facade and interior feature walls featuring Printed Flat Mold texture. Eco-friendly, breathable, and authentic stone texture. Perfect for modern architecture and luxury curved walls. #softceramic #wallcladding #MCMstone #interiordesign",https://www.whartonstone.com/,https://www.whartonstone.com/images/mcm1137.jpg,45.00 USD,in stock,new,559,Wharton
MCM-1138,Wharton MCM Soft Ceramic - Printed Corrugated,"Premium flexible MCM soft ceramic wall cladding for exterior facade and interior feature walls featuring Printed Corrugated texture. Eco-friendly, breathable, and authentic stone texture. Perfect for modern architecture and luxury curved walls. #softceramic #wallcladding #MCMstone #interiordesign",https://www.whartonstone.com/,https://www.whartonstone.com/images/mcm1138.jpg,45.00 USD,in stock,new,559,Wharton
MCM-1139,Wharton MCM Soft Ceramic - Printed Travertine 2024,"Premium flexible MCM soft ceramic wall cladding for exterior facade and interior feature walls featuring Printed Travertine 2024 texture. Eco-friendly, breathable, and authentic stone texture. Perfect for modern architecture and luxury curved walls. #softceramic #wallcladding #MCMstone #interiordesign",https://www.whartonstone.com/,https://www.whartonstone.com/images/mcm1139.jpg,45.00 USD,in stock,new,559,Wharton
MCM-1140,Wharton MCM Soft Ceramic - Printed Line Pattern,"Premium flexible MCM soft ceramic wall cladding for exterior facade and interior feature walls featuring Printed Line Pattern texture. Eco-friendly, breathable, and authentic stone texture. Perfect for modern architecture and luxury curved walls. #softceramic #wallcladding #MCMstone #interiordesign",https://www.whartonstone.com/,https://www.whartonstone.com/images/mcm1140.jpg,45.00 USD,in stock,new,559,Wharton
MCM-1141,Wharton MCM Soft Ceramic - Printed Vein Stone,"Premium flexible MCM soft ceramic wall cladding for exterior facade and interior feature walls featuring Printed Vein Stone texture. Eco-friendly, breathable, and authentic stone texture. Perfect for modern architecture and luxury curved walls. #softceramic #wallcladding #MCMstone #interiordesign",https://www.whartonstone.com/,https://www.whartonstone.com/images/mcm1141.jpg,45.00 USD,in stock,new,559,Wharton
MCM-1142,Wharton MCM Soft Ceramic - Printed Granite,"Premium flexible MCM soft ceramic wall cladding for exterior facade and interior feature walls featuring Printed Granite texture. Eco-friendly, breathable, and authentic stone texture. Perfect for modern architecture and luxury curved walls. #softceramic #wallcladding #MCMstone #interiordesign",https://www.whartonstone.com/,https://www.whartonstone.com/images/mcm1142.jpg,45.00 USD,in stock,new,559,Wharton
MCM-1143,Wharton MCM Soft Ceramic - Diagonally Sawn Wood,"Premium flexible MCM soft ceramic wall cladding for exterior facade and interior feature walls featuring Diagonally Sawn Wood texture. Eco-friendly, breathable, and authentic stone texture. Perfect for modern architecture and luxury curved walls. #softceramic #wallcladding #MCMstone #interiordesign",https://www.whartonstone.com/,https://www.whartonstone.com/images/mcm1143.jpg,45.00 USD,in stock,new,559,Wharton
MCM-1144,Wharton MCM Soft Ceramic - Artistic Slate,"Premium flexible MCM soft ceramic wall cladding for exterior facade and interior feature walls featuring Artistic Slate texture. Eco-friendly, breathable, and authentic stone texture. Perfect for modern architecture and luxury curved walls. #softceramic #wallcladding #MCMstone #interiordesign",https://www.whartonstone.com/,https://www.whartonstone.com/images/mcm1144.jpg,45.00 USD,in stock,new,559,Wharton
MCM-1145,Wharton MCM Soft Ceramic - Inorganic Travertine,"Premium flexible MCM soft ceramic wall cladding for exterior facade and interior feature walls featuring Inorganic Travertine texture. Eco-friendly, breathable, and authentic stone texture. Perfect for modern architecture and luxury curved walls. #softceramic #wallcladding #MCMstone #interiordesign",https://www.whartonstone.com/,https://www.whartonstone.com/images/mcm1145.jpg,45.00 USD,in stock,new,559,Wharton
MCM-1146,Wharton MCM Soft Ceramic - Raw Stone Red,"Premium flexible MCM soft ceramic wall cladding for exterior facade and interior feature walls featuring Raw Stone Red texture. Eco-friendly, breathable, and authentic stone texture. Perfect for modern architecture and luxury curved walls. #softceramic #wallcladding #MCMstone #interiordesign",https://www.whartonstone.com/,https://www.whartonstone.com/images/mcm1146.jpg,45.00 USD,in stock,new,559,Wharton
MCM-1147,Wharton MCM Soft Ceramic - Roman Column Grey,"Premium flexible MCM soft ceramic wall cladding for exterior facade and interior feature walls featuring Roman Column Grey texture. Eco-friendly, breathable, and authentic stone texture. Perfect for modern architecture and luxury curved walls. #softceramic #wallcladding #MCMstone #interiordesign",https://www.whartonstone.com/,https://www.whartonstone.com/images/mcm1147.jpg,45.00 USD,in stock,new,559,Wharton
MCM-1150,Wharton MCM Soft Ceramic - Antique Copper New,"Premium flexible MCM soft ceramic wall cladding for exterior facade and interior feature walls featuring Antique Copper New texture. Eco-friendly, breathable, and authentic stone texture. Perfect for modern architecture and luxury curved walls. #softceramic #wallcladding #MCMstone #interiordesign",https://www.whartonstone.com/,https://www.whartonstone.com/images/mcm1150.jpg,45.00 USD,in stock,new,559,Wharton
